{
  "id": "7962cb45-c200-49ce-9bf0-3c3f7af2e4f6",
  "prevId": "00000000-0000-0000-0000-000000000000",
  "version": "7",
  "dialect": "postgresql",
  "tables": {
    "public.ai_tools": {
      "name": "ai_tools",
      "schema": "",
      "columns": {
        "id": {
          "name": "id",
          "type": "serial",
          "primaryKey": true,
          "notNull": true
        },
        "name": {
          "name": "name",
          "type": "varchar(255)",
          "primaryKey": false,
          "notNull": true
        },
        "description": {
          "name": "description",
          "type": "text",
          "primaryKey": false,
          "notNull": true
        },
        "website_url": {
          "name": "website_url",
          "type": "varchar(500)",
          "primaryKey": false,
          "notNull": true
        },
        "logo_url": {
          "name": "logo_url",
          "type": "varchar(500)",
          "primaryKey": false,
          "notNull": false
        },
        "category": {
          "name": "category",
          "type": "category",
          "typeSchema": "public",
          "primaryKey": false,
          "notNull": true
        },
        "pricing_model": {
          "name": "pricing_model",
          "type": "pricing_model",
          "typeSchema": "public",
          "primaryKey": false,
          "notNull": true
        },
        "country": {
          "name": "country",
          "type": "varchar(100)",
          "primaryKey": false,
          "notNull": false
        },
        "launch_date": {
          "name": "launch_date",
          "type": "timestamp",
          "primaryKey": false,
          "notNull": false
        },
        "has_api": {
          "name": "has_api",
          "type": "boolean",
          "primaryKey": false,
          "notNull": false,
          "default": false
        },
        "has_free_version": {
          "name": "has_free_version",
          "type": "boolean",
          "primaryKey": false,
          "notNull": false,
          "default": false
        },
        "features": {
          "name": "features",
          "type": "text[]",
          "primaryKey": false,
          "notNull": false
        },
        "is_active": {
          "name": "is_active",
          "type": "boolean",
          "primaryKey": false,
          "notNull": false,
          "default": true
        },
        "created_at": {
          "name": "created_at",
          "type": "timestamp",
          "primaryKey": false,
          "notNull": false,
          "default": "now()"
        },
        "updated_at": {
          "name": "updated_at",
          "type": "timestamp",
          "primaryKey": false,
          "notNull": false,
          "default": "now()"
        }
      },
      "indexes": {},
      "foreignKeys": {},
      "compositePrimaryKeys": {},
      "uniqueConstraints": {},
      "policies": {},
      "checkConstraints": {},
      "isRLSEnabled": false
    },
    "public.favorites": {
      "name": "favorites",
      "schema": "",
      "columns": {
        "id": {
          "name": "id",
          "type": "serial",
          "primaryKey": true,
          "notNull": true
        },
        "user_id": {
          "name": "user_id",
          "type": "varchar",
          "primaryKey": false,
          "notNull": true
        },
        "tool_id": {
          "name": "tool_id",
          "type": "integer",
          "primaryKey": false,
          "notNull": true
        },
        "created_at": {
          "name": "created_at",
          "type": "timestamp",
          "primaryKey": false,
          "notNull": false,
          "default": "now()"
        }
      },
      "indexes": {},
      "foreignKeys": {
        "favorites_user_id_users_id_fk": {
          "name": "favorites_user_id_users_id_fk",
          "tableFrom": "favorites",
          "tableTo": "users",
          "columnsFrom": [
            "user_id"
          ],
          "columnsTo": [
            "id"
          ],
          "onDelete": "no action",
          "onUpdate": "no action"
        },
        "favorites_tool_id_ai_tools_id_fk": {
          "name": "favorites_tool_id_ai_tools_id_fk",
          "tableFrom": "favorites",
          "tableTo": "ai_tools",
          "columnsFrom": [
            "tool_id"
          ],
          "columnsTo": [
            "id"
          ],
          "onDelete": "no action",
          "onUpdate": "no action"
        }
      },
      "compositePrimaryKeys": {},
      "uniqueConstraints": {},
      "policies": {},
      "checkConstraints": {},
      "isRLSEnabled": false
    },
    "public.newsletter_subscriptions": {
      "name": "newsletter_subscriptions",
      "schema": "",
      "columns": {
        "id": {
          "name": "id",
          "type": "serial",
          "primaryKey": true,
          "notNull": true
        },
        "email": {
          "name": "email",
          "type": "varchar",
          "primaryKey": false,
          "notNull": true
        },
        "status": {
          "name": "status",
          "type": "varchar",
          "primaryKey": false,
          "notNull": true,
          "default": "'active'"
        },
        "source": {
          "name": "source",
          "type": "varchar",
          "primaryKey": false,
          "notNull": false,
          "default": "'website'"
        },
        "subscribed_at": {
          "name": "subscribed_at",
          "type": "timestamp",
          "primaryKey": false,
          "notNull": false,
          "default": "now()"
        },
        "unsubscribed_at": {
          "name": "unsubscribed_at",
          "type": "timestamp",
          "primaryKey": false,
          "notNull": false
        }
      },
      "indexes": {},
      "foreignKeys": {},
      "compositePrimaryKeys": {},
      "uniqueConstraints": {
        "newsletter_subscriptions_email_unique": {
          "name": "newsletter_subscriptions_email_unique",
          "nullsNotDistinct": false,
          "columns": [
            "email"
          ]
        }
      },
      "policies": {},
      "checkConstraints": {},
      "isRLSEnabled": false
    },
    "public.ratings": {
      "name": "ratings",
      "schema": "",
      "columns": {
        "id": {
          "name": "id",
          "type": "serial",
          "primaryKey": true,
          "notNull": true
        },
        "user_id": {
          "name": "user_id",
          "type": "varchar",
          "primaryKey": false,
          "notNull": true
        },
        "tool_id": {
          "name": "tool_id",
          "type": "integer",
          "primaryKey": false,
          "notNull": true
        },
        "overall_experience": {
          "name": "overall_experience",
          "type": "integer",
          "primaryKey": false,
          "notNull": true
        },
        "value_for_money": {
          "name": "value_for_money",
          "type": "integer",
          "primaryKey": false,
          "notNull": true
        },
        "quality_of_output": {
          "name": "quality_of_output",
          "type": "integer",
          "primaryKey": false,
          "notNull": true
        },
        "created_at": {
          "name": "created_at",
          "type": "timestamp",
          "primaryKey": false,
          "notNull": false,
          "default": "now()"
        },
        "updated_at": {
          "name": "updated_at",
          "type": "timestamp",
          "primaryKey": false,
          "notNull": false,
          "default": "now()"
        }
      },
      "indexes": {},
      "foreignKeys": {
        "ratings_user_id_users_id_fk": {
          "name": "ratings_user_id_users_id_fk",
          "tableFrom": "ratings",
          "tableTo": "users",
          "columnsFrom": [
            "user_id"
          ],
          "columnsTo": [
            "id"
          ],
          "onDelete": "no action",
          "onUpdate": "no action"
        },
        "ratings_tool_id_ai_tools_id_fk": {
          "name": "ratings_tool_id_ai_tools_id_fk",
          "tableFrom": "ratings",
          "tableTo": "ai_tools",
          "columnsFrom": [
            "tool_id"
          ],
          "columnsTo": [
            "id"
          ],
          "onDelete": "no action",
          "onUpdate": "no action"
        }
      },
      "compositePrimaryKeys": {},
      "uniqueConstraints": {},
      "policies": {},
      "checkConstraints": {},
      "isRLSEnabled": false
    },
    "public.review_helpfulness": {
      "name": "review_helpfulness",
      "schema": "",
      "columns": {
        "id": {
          "name": "id",
          "type": "serial",
          "primaryKey": true,
          "notNull": true
        },
        "user_id": {
          "name": "user_id",
          "type": "varchar",
          "primaryKey": false,
          "notNull": true
        },
        "review_id": {
          "name": "review_id",
          "type": "integer",
          "primaryKey": false,
          "notNull": true
        },
        "is_helpful": {
          "name": "is_helpful",
          "type": "boolean",
          "primaryKey": false,
          "notNull": true
        },
        "created_at": {
          "name": "created_at",
          "type": "timestamp",
          "primaryKey": false,
          "notNull": false,
          "default": "now()"
        }
      },
      "indexes": {},
      "foreignKeys": {
        "review_helpfulness_user_id_users_id_fk": {
          "name": "review_helpfulness_user_id_users_id_fk",
          "tableFrom": "review_helpfulness",
          "tableTo": "users",
          "columnsFrom": [
            "user_id"
          ],
          "columnsTo": [
            "id"
          ],
          "onDelete": "no action",
          "onUpdate": "no action"
        },
        "review_helpfulness_review_id_reviews_id_fk": {
          "name": "review_helpfulness_review_id_reviews_id_fk",
          "tableFrom": "review_helpfulness",
          "tableTo": "reviews",
          "columnsFrom": [
            "review_id"
          ],
          "columnsTo": [
            "id"
          ],
          "onDelete": "no action",
          "onUpdate": "no action"
        }
      },
      "compositePrimaryKeys": {},
      "uniqueConstraints": {},
      "policies": {},
      "checkConstraints": {},
      "isRLSEnabled": false
    },
    "public.reviews": {
      "name": "reviews",
      "schema": "",
      "columns": {
        "id": {
          "name": "id",
          "type": "serial",
          "primaryKey": true,
          "notNull": true
        },
        "user_id": {
          "name": "user_id",
          "type": "varchar",
          "primaryKey": false,
          "notNull": true
        },
        "tool_id": {
          "name": "tool_id",
          "type": "integer",
          "primaryKey": false,
          "notNull": true
        },
        "content": {
          "name": "content",
          "type": "text",
          "primaryKey": false,
          "notNull": true
        },
        "helpful_count": {
          "name": "helpful_count",
          "type": "integer",
          "primaryKey": false,
          "notNull": false,
          "default": 0
        },
        "is_verified": {
          "name": "is_verified",
          "type": "boolean",
          "primaryKey": false,
          "notNull": false,
          "default": false
        },
        "created_at": {
          "name": "created_at",
          "type": "timestamp",
          "primaryKey": false,
          "notNull": false,
          "default": "now()"
        },
        "updated_at": {
          "name": "updated_at",
          "type": "timestamp",
          "primaryKey": false,
          "notNull": false,
          "default": "now()"
        }
      },
      "indexes": {},
      "foreignKeys": {
        "reviews_user_id_users_id_fk": {
          "name": "reviews_user_id_users_id_fk",
          "tableFrom": "reviews",
          "tableTo": "users",
          "columnsFrom": [
            "user_id"
          ],
          "columnsTo": [
            "id"
          ],
          "onDelete": "no action",
          "onUpdate": "no action"
        },
        "reviews_tool_id_ai_tools_id_fk": {
          "name": "reviews_tool_id_ai_tools_id_fk",
          "tableFrom": "reviews",
          "tableTo": "ai_tools",
          "columnsFrom": [
            "tool_id"
          ],
          "columnsTo": [
            "id"
          ],
          "onDelete": "no action",
          "onUpdate": "no action"
        }
      },
      "compositePrimaryKeys": {},
      "uniqueConstraints": {},
      "policies": {},
      "checkConstraints": {},
      "isRLSEnabled": false
    },
    "public.sessions": {
      "name": "sessions",
      "schema": "",
      "columns": {
        "sid": {
          "name": "sid",
          "type": "varchar",
          "primaryKey": true,
          "notNull": true
        },
        "sess": {
          "name": "sess",
          "type": "jsonb",
          "primaryKey": false,
          "notNull": true
        },
        "expire": {
          "name": "expire",
          "type": "timestamp",
          "primaryKey": false,
          "notNull": true
        }
      },
      "indexes": {
        "IDX_session_expire": {
          "name": "IDX_session_expire",
          "columns": [
            {
              "expression": "expire",
              "isExpression": false,
              "asc": true,
              "nulls": "last"
            }
          ],
          "isUnique": false,
          "concurrently": false,
          "method": "btree",
          "with": {}
        }
      },
      "foreignKeys": {},
      "compositePrimaryKeys": {},
      "uniqueConstraints": {},
      "policies": {},
      "checkConstraints": {},
      "isRLSEnabled": false
    },
    "public.users": {
      "name": "users",
      "schema": "",
      "columns": {
        "id": {
          "name": "id",
          "type": "varchar",
          "primaryKey": true,
          "notNull": true
        },
        "email": {
          "name": "email",
          "type": "varchar",
          "primaryKey": false,
          "notNull": true
        },
        "password": {
          "name": "password",
          "type": "varchar",
          "primaryKey": false,
          "notNull": true
        },
        "first_name": {
          "name": "first_name",
          "type": "varchar",
          "primaryKey": false,
          "notNull": false
        },
        "last_name": {
          "name": "last_name",
          "type": "varchar",
          "primaryKey": false,
          "notNull": false
        },
        "profile_image_url": {
          "name": "profile_image_url",
          "type": "varchar",
          "primaryKey": false,
          "notNull": false
        },
        "created_at": {
          "name": "created_at",
          "type": "timestamp",
          "primaryKey": false,
          "notNull": false,
          "default": "now()"
        },
        "updated_at": {
          "name": "updated_at",
          "type": "timestamp",
          "primaryKey": false,
          "notNull": false,
          "default": "now()"
        }
      },
      "indexes": {},
      "foreignKeys": {},
      "compositePrimaryKeys": {},
      "uniqueConstraints": {
        "users_email_unique": {
          "name": "users_email_unique",
          "nullsNotDistinct": false,
          "columns": [
            "email"
          ]
        }
      },
      "policies": {},
      "checkConstraints": {},
      "isRLSEnabled": false
    }
  },
  "enums": {
    "public.category": {
      "name": "category",
      "schema": "public",
      "values": [
        "text-generation",
        "image-generation",
        "code-assistance",
        "video-creation",
        "audio-processing",
        "chatbots",
        "data-analysis",
        "design-creative",
        "productivity",
        "research-academic",
        "developer-tools",
        "marketing-content",
        "translation",
        "voice-speech",
        "computer-vision",
        "machine-learning",
        "no-code",
        "writing-assistants",
        "education",
        "healthcare",
        "finance",
        "social-media",
        "e-commerce",
        "gaming",
        "cybersecurity",
        "automation",
        "workflow-management",
        "customer-service",
        "sales-crm",
        "seo-optimization",
        "email-marketing",
        "presentation",
        "music-generation",
        "3d-modeling",
        "legal-tech",
        "hr-recruitment",
        "real-estate",
        "agriculture",
        "fitness-health",
        "travel-planning",
        "personal-assistant",
        "note-taking",
        "project-management",
        "collaboration",
        "document-processing",
        "transcription",
        "lead-generation",
        "content-moderation",
        "image-editing",
        "video-editing",
        "animation",
        "predictive-analytics",
        "recommendation-systems"
      ]
    },
    "public.pricing_model": {
      "name": "pricing_model",
      "schema": "public",
      "values": [
        "free",
        "freemium",
        "paid",
        "enterprise"
      ]
    }
  },
  "schemas": {},
  "sequences": {},
  "roles": {},
  "policies": {},
  "views": {},
  "_meta": {
    "columns": {},
    "schemas": {},
    "tables": {}
  }
}